{"Moisture":{"0":14.0,"1":12.32,"2":11.83,"3":14.11,"4":13.58,"5":13.9,"6":12.12,"7":13.86,"8":13.26,"9":12.7,"10":12.64,"11":12.16,"12":12.07,"13":11.92,"14":6.22,"15":12.46,"16":12.86,"17":12.09,"18":13.41,"19":12.9,"20":14.14,"21":12.82,"22":14.27,"23":13.56,"24":11.95,"25":13.03,"26":12.53,"27":13.5,"28":12.58,"29":12.89,"30":12.29,"31":13.37,"32":13.37,"33":13.66,"34":13.89,"35":12.24,"36":12.36,"37":13.67,"38":13.67,"39":11.76,"40":12.47,"41":13.59,"42":12.0,"43":12.73,"44":14.34,"45":13.58,"46":12.4,"47":11.92,"48":13.16,"49":12.03,"50":13.5,"51":14.19,"52":13.8,"53":13.31,"54":12.96,"55":13.42,"56":12.09,"57":13.82,"58":11.51,"59":13.37,"60":13.04,"61":12.39,"62":12.02,"63":12.63,"64":12.1,"65":13.83,"66":11.93,"67":13.55,"68":13.78,"69":13.71,"70":12.07,"71":11.5,"72":13.25,"73":13.64,"74":14.12,"75":13.51,"76":13.34,"77":12.53,"78":12.87,"79":13.14,"80":13.58,"81":12.14,"82":12.69,"83":12.98,"84":13.13,"85":14.32,"86":12.82,"87":13.51,"88":13.29,"89":13.34,"90":12.31,"91":12.21,"92":12.03,"93":11.99,"94":12.87,"95":14.09,"96":12.75,"97":12.58,"98":13.72,"99":11.52},"Elevation":{"0":786.33517368,"1":784.2315786,"2":785.17317965,"3":785.32795583,"4":784.25081508,"5":785.10485872,"6":783.94942637,"7":780.79711594,"8":784.93425504,"9":781.66452643,"10":781.79247919,"11":786.47400703,"12":784.25782532,"13":784.7007387,"14":785.73806082,"15":783.93257361,"16":782.39943457,"17":784.37265471,"18":784.92441252,"19":785.97203853,"20":785.0622078,"21":785.9507387,"22":786.31548864,"23":785.01627604,"24":784.81228726,"25":784.65480694,"26":784.54325839,"27":784.9473784,"28":784.09989645,"29":784.34640799,"30":785.19942637,"31":783.20652118,"32":782.80625871,"33":783.21727362,"34":785.20328392,"35":783.06544507,"36":781.27410648,"37":785.13766712,"38":784.67178785,"39":784.1495576,"40":782.5831616,"41":785.18031804,"42":784.42186731,"43":782.02541882,"44":783.89750964,"45":784.11958149,"46":782.15337158,"47":785.31097492,"48":784.4903164,"49":784.37265471,"50":785.25577735,"51":785.51824455,"52":785.02611856,"53":783.11465766,"54":785.02226101,"55":782.93294271,"56":784.7335471,"57":785.45694667,"58":783.77554185,"59":785.0950162,"60":783.66583877,"61":783.35087814,"62":784.76963634,"63":781.27410648,"64":783.97567308,"65":785.56089546,"66":784.7499513,"67":784.73740465,"68":785.32467499,"69":784.94081672,"70":785.30441324,"71":783.5491639,"72":783.51492013,"73":785.32467499,"74":785.6133889,"75":784.71997519,"76":784.07594375,"77":786.43135611,"78":784.85493818,"79":784.59903266,"80":784.18519829,"81":784.25126364,"82":784.17207493,"83":785.12724789,"84":782.50971436,"85":783.50052801,"86":785.94745786,"87":784.92441252,"88":785.01955688,"89":783.97095688,"90":783.90862092,"91":783.75257597,"92":783.74601429,"93":784.47436075,"94":784.79588306,"95":785.78399258,"96":782.6235185,"97":783.36728234,"98":785.18031804,"99":783.78210353},"AppliedRate":{"0":138329.64623048,"1":140312.60587745,"2":140514.94869857,"3":111280.45790316,"4":138924.53412457,"5":138540.08276444,"6":139110.68952,"7":138455.09877957,"8":141073.41488486,"9":140207.38761047,"10":138544.12962086,"11":139126.87694569,"12":140628.2606784,"13":139806.74882465,"14":139689.3899884,"15":138070.64741944,"16":147669.79085338,"17":138572.45761582,"18":140247.85617469,"19":138625.06674931,"20":135804.4078229,"21":139911.96709164,"22":138871.92499108,"23":139009.51810944,"24":138596.73875436,"25":139980.76365082,"26":140191.20018478,"27":140369.26186737,"28":139418.2506081,"29":135521.12787333,"30":139774.37397327,"31":139843.17053245,"32":137160.1047244,"33":140397.58986232,"34":141178.63315185,"35":134262.55552597,"36":140049.56021,"37":140365.21501094,"38":141587.36565051,"39":139066.17409935,"40":139122.83008927,"41":140259.99674396,"42":138519.84848233,"43":104020.39748137,"44":140361.16815452,"45":139373.73518746,"46":136492.37341471,"47":142020.37928771,"48":138313.45880479,"49":141769.47418952,"50":135646.58042243,"51":139426.34432095,"52":139996.95107651,"53":137580.97779233,"54":139652.9682806,"55":139928.15451733,"56":138807.17528832,"57":138455.09877957,"58":139996.95107651,"59":141267.66399314,"60":139786.51454254,"61":140369.26186737,"62":137564.79036664,"63":139483.00031086,"64":138940.72155026,"65":139996.95107651,"66":141300.03884452,"67":138851.69070897,"68":137152.01101156,"69":138847.64385254,"70":140725.38523254,"71":140709.19780685,"72":141271.71084956,"73":139996.95107651,"74":137058.93331384,"75":137750.94576207,"76":139381.8289003,"77":104247.02144102,"78":140579.69840133,"79":140021.23221504,"80":139151.15808422,"81":140968.19661788,"82":138224.42796349,"83":137718.57091069,"84":141295.9919881,"85":143995.24522184,"86":141919.20787715,"87":140523.04241142,"88":139685.34313198,"89":140053.60706642,"90":138827.40957043,"91":140693.01038116,"92":140935.8217665,"93":138807.17528832,"94":138766.7067241,"95":138370.1147947,"96":138139.44397862,"97":141397.16339866,"98":138107.06912725,"99":139240.18892552},"YIELDLBL":{"0":2,"1":2,"2":2,"3":2,"4":1,"5":2,"6":2,"7":2,"8":2,"9":3,"10":3,"11":2,"12":3,"13":2,"14":2,"15":2,"16":2,"17":3,"18":2,"19":1,"20":2,"21":2,"22":2,"23":2,"24":2,"25":2,"26":3,"27":3,"28":2,"29":2,"30":2,"31":2,"32":1,"33":1,"34":2,"35":2,"36":3,"37":2,"38":3,"39":2,"40":2,"41":3,"42":2,"43":3,"44":1,"45":2,"46":3,"47":2,"48":3,"49":2,"50":2,"51":2,"52":2,"53":3,"54":1,"55":3,"56":2,"57":3,"58":2,"59":2,"60":2,"61":2,"62":3,"63":3,"64":3,"65":2,"66":2,"67":2,"68":2,"69":1,"70":2,"71":1,"72":3,"73":2,"74":2,"75":2,"76":2,"77":3,"78":1,"79":1,"80":2,"81":3,"82":2,"83":1,"84":2,"85":3,"86":2,"87":3,"88":2,"89":2,"90":2,"91":2,"92":2,"93":3,"94":1,"95":2,"96":3,"97":2,"98":1,"99":2}}