{"Moisture":{"0":13.28,"1":14.02,"2":14.17,"3":13.28,"4":14.0,"5":11.79,"6":12.83,"7":12.52,"8":12.57,"9":12.41,"10":13.78,"11":13.05,"12":13.64,"13":13.25,"14":11.88,"15":12.55,"16":11.92,"17":13.54,"18":12.4,"19":12.58,"20":11.96,"21":12.02,"22":12.25,"23":14.47,"24":12.95,"25":12.71,"26":14.04,"27":12.01,"28":12.16,"29":13.49,"30":13.69,"31":12.63,"32":13.14,"33":11.92,"34":13.02,"35":12.47,"36":13.33,"37":11.83,"38":11.9,"39":12.25,"40":12.48,"41":13.28,"42":12.1,"43":14.0,"44":12.07,"45":11.89,"46":13.86,"47":13.08,"48":11.89,"49":12.58,"50":11.98,"51":13.32,"52":12.48,"53":13.91,"54":13.64,"55":14.0,"56":11.8,"57":14.3,"58":12.21,"59":12.02,"60":11.89,"61":13.98,"62":13.84,"63":12.16,"64":12.54,"65":13.04,"66":13.64,"67":13.01,"68":14.06,"69":11.89,"70":14.15,"71":12.87,"72":12.05,"73":12.88,"74":12.45,"75":13.77,"76":13.44,"77":13.39,"78":12.49,"79":11.87,"80":11.79,"81":12.03,"82":14.27,"83":12.1,"84":14.05,"85":12.17,"86":12.88,"87":12.7,"88":12.45,"89":11.84,"90":11.98,"91":12.92,"92":12.3,"93":14.25,"94":12.14,"95":12.16,"96":13.94,"97":12.01,"98":13.01,"99":13.44},"Elevation":{"0":784.14156055,"1":785.82008182,"2":786.10551489,"3":784.29247919,"4":786.51561987,"5":784.83525314,"6":782.70455268,"7":782.87187551,"8":782.5175448,"9":784.22030071,"10":782.65735216,"11":783.67987205,"12":783.47645997,"13":783.71833221,"14":784.74010878,"15":784.52357335,"16":783.85428201,"17":785.83648602,"18":784.53526134,"19":784.69602249,"20":783.35559434,"21":782.79457072,"22":784.42186731,"23":786.2574716,"24":783.37384402,"25":783.25245294,"26":785.50512119,"27":785.35690668,"28":782.8011324,"29":782.95262775,"30":784.19606607,"31":783.18126128,"32":783.2402395,"33":784.72698542,"34":784.22449147,"35":783.17043194,"36":784.77021305,"37":784.58590931,"38":783.98223476,"39":785.78669671,"40":783.99064192,"41":784.58648602,"42":782.39430826,"43":785.90210281,"44":784.69417702,"45":784.78604054,"46":783.910633,"47":783.44693241,"48":784.60887518,"49":782.58972328,"50":784.31359959,"51":784.66522617,"52":781.20520885,"53":785.39357263,"54":783.00729987,"55":785.06876948,"56":783.97895392,"57":785.97100045,"58":782.7847282,"59":784.45467571,"60":785.40611928,"61":782.0602393,"62":784.29121042,"63":784.29063371,"64":781.35428201,"65":784.27042323,"66":786.03661725,"67":784.28735287,"68":782.50971436,"69":784.38905891,"70":785.19672224,"71":784.95336337,"72":785.39299592,"73":786.53634299,"74":781.68421147,"75":783.49396633,"76":784.75380885,"77":784.24326659,"78":781.18039749,"79":784.46451823,"80":784.68105366,"81":784.33328463,"82":786.14816581,"83":785.28144736,"84":783.42178785,"85":782.56819277,"86":786.72663171,"87":782.86203299,"88":781.4972036,"89":785.19614553,"90":784.6843345,"91":783.28997755,"92":782.44024001,"93":783.46443877,"94":784.89102742,"95":785.46189356,"96":785.20328392,"97":784.45467571,"98":784.58262847,"99":784.75835845},"AppliedRate":{"0":141271.71084956,"1":139798.65511181,"2":139616.5465728,"3":141907.06730788,"4":137900.6794497,"5":133870.01045299,"6":139304.93862828,"7":141959.67644137,"8":138762.65986767,"9":140393.5430059,"10":140219.52817974,"11":139284.70434616,"12":139017.61182229,"13":140191.20018478,"14":138714.09759061,"15":139333.26662323,"16":139025.70553513,"17":134157.33725898,"18":139543.7031572,"19":139960.5293687,"20":138851.69070897,"21":58978.88550006,"22":140446.15213939,"23":140826.5566431,"24":140417.82414444,"25":138973.09640164,"26":256056.74641452,"27":141134.1177312,"28":139891.73280952,"29":139126.87694569,"30":139021.65867871,"31":137981.61657815,"32":139746.04597832,"33":141300.03884452,"34":139754.13969116,"35":138515.80162591,"36":141008.66518211,"37":138402.48964608,"38":140005.04478935,"39":141223.14857249,"40":139798.65511181,"41":141073.41488486,"42":139515.37516224,"43":140583.74525775,"44":138637.20731858,"45":139996.95107651,"46":141036.99317706,"47":139462.76602875,"48":139758.18654758,"49":139086.40838147,"50":140660.63552978,"51":140292.37159534,"52":136002.7037876,"53":134197.80582321,"54":138888.11241677,"55":140664.6823862,"56":140701.104094,"57":141967.77015421,"58":140741.57265823,"59":139292.79805901,"60":140640.40124767,"61":139867.45167099,"62":138366.06793828,"63":139879.59224026,"64":42265.36847555,"65":139511.32830582,"66":133279.16941532,"67":140753.71322749,"68":142825.70371576,"69":138985.23697091,"70":140939.86862293,"71":140377.35558021,"72":141979.91072348,"73":141393.11654223,"74":137803.55489557,"75":138487.47363095,"76":141279.80456241,"77":139086.40838147,"78":45308.60450519,"79":140114.30991276,"80":137030.60531889,"81":141729.00562529,"82":139195.67350487,"83":140235.71560543,"84":145314.52041554,"85":138317.50566121,"86":141461.91310141,"87":139851.2642453,"88":140332.84015957,"89":142574.79861757,"90":140373.30872379,"91":139843.17053245,"92":139147.1112278,"93":144043.80749891,"94":140353.07444168,"95":139114.73637642,"96":140911.54062797,"97":138965.00268879,"98":140705.15095043,"99":139430.39117737},"YIELDLBL":{"0":2,"1":2,"2":2,"3":2,"4":3,"5":2,"6":2,"7":2,"8":2,"9":2,"10":3,"11":2,"12":2,"13":1,"14":2,"15":2,"16":2,"17":2,"18":2,"19":3,"20":2,"21":3,"22":3,"23":1,"24":2,"25":2,"26":3,"27":2,"28":2,"29":3,"30":2,"31":2,"32":3,"33":2,"34":2,"35":3,"36":2,"37":2,"38":2,"39":3,"40":2,"41":2,"42":2,"43":2,"44":2,"45":2,"46":2,"47":3,"48":3,"49":2,"50":2,"51":2,"52":3,"53":2,"54":1,"55":3,"56":2,"57":3,"58":2,"59":2,"60":1,"61":2,"62":2,"63":3,"64":3,"65":3,"66":2,"67":2,"68":2,"69":3,"70":2,"71":3,"72":2,"73":3,"74":2,"75":1,"76":2,"77":2,"78":3,"79":3,"80":3,"81":2,"82":2,"83":2,"84":2,"85":2,"86":2,"87":3,"88":3,"89":2,"90":3,"91":2,"92":3,"93":3,"94":2,"95":2,"96":3,"97":3,"98":2,"99":2}}